scenario,aggressive,base,conservative
base,0.94362,0.94362,0.94362
combined_shock,0.94362,0.94362,0.94362
medical_inflation,0.94362,0.94362,0.94362
price_war,0.94362,0.94362,0.94362
