scenario,aggressive,base,conservative
base,103.54421309919998,94.5836561963846,83.3912568798124
combined_shock,103.54421309919998,94.5836561963846,83.3912568798124
medical_inflation,103.54421309919998,94.5836561963846,83.3912568798124
price_war,103.54421309919998,94.5836561963846,83.3912568798124
