scenario,aggressive,base,conservative
base,0.94008,0.94362,0.94262
combined_shock,0.94128,0.94228,0.94138
medical_inflation,0.94044,0.94054,0.9424
price_war,0.94172,0.94214,0.94106
