scenario,aggressive,base,conservative
base,0.7040325844267848,0.7768258590340988,0.8774042144239406
combined_shock,0.70019635527912,0.7786311853948086,0.8643113274172659
medical_inflation,0.7071804471541846,0.7693164016387752,0.886613512914848
price_war,0.7014765243467564,0.7712185468220066,0.862362037674941
