scenario,aggressive,base,conservative
base,1811202.8775340323,2687311.371976797,2978631.826339189
combined_shock,1082294.6090541356,2050137.2540150972,2580967.109912553
medical_inflation,1935899.5715020655,2962916.3220650703,3293979.344467777
price_war,975800.8563001484,1922799.7995761377,2299448.106634847
