scenario,aggressive,base,conservative
base,107.96454150932789,94.14410247596382,83.94987371839919
combined_shock,116.76503370579029,107.0414089122634,93.8774373521134
medical_inflation,121.38409223912677,112.95862232596411,94.29982645714284
price_war,105.89629212245902,98.48865543253453,84.64596757938097
