scenario,aggressive,base,conservative
aggressive_market,0.7411933414736115,0.8113607364148354,0.9205740811768466
base,0.7461480196609864,0.8106213681144924,0.9170552499768126
combined_shock,0.7382489352334675,0.8068103271682422,0.9189754706413521
medical_inflation,0.7398762920456159,0.8098980914011396,0.9218330907908552
price_war,0.7383609338723107,0.8107749896427667,0.9213338208094545
tight_underwriting,0.7372825326628465,0.8114371577381158,0.9193747906528391
